{
  "GET RSS" : {
    "transaction" : "GET RSS",
    "sampleCount" : 600,
    "errorCount" : 0,
    "errorPct" : 0.0,
    "meanResTime" : 34226.23999999999,
    "minResTime" : 30255.0,
    "maxResTime" : 71414.0,
    "pct1ResTime" : 35152.9,
    "pct2ResTime" : 37940.39999999991,
    "pct3ResTime" : 68932.91,
    "throughput" : 5.621820157973146,
    "receivedKBytesPerSec" : 134.30564042779707,
    "sentKBytesPerSec" : 0.9662503396516345
  },
  "POST URL" : {
    "transaction" : "POST URL",
    "sampleCount" : 600,
    "errorCount" : 0,
    "errorPct" : 0.0,
    "meanResTime" : 28168.151666666665,
    "minResTime" : 393.0,
    "maxResTime" : 55364.0,
    "pct1ResTime" : 50306.7,
    "pct2ResTime" : 52924.399999999994,
    "pct3ResTime" : 54936.03,
    "throughput" : 5.20494469746259,
    "receivedKBytesPerSec" : 1.1884539009976143,
    "sentKBytesPerSec" : 1.2240769355888093
  },
  "PUT URL" : {
    "transaction" : "PUT URL",
    "sampleCount" : 600,
    "errorCount" : 0,
    "errorPct" : 0.0,
    "meanResTime" : 37393.77333333337,
    "minResTime" : 132.0,
    "maxResTime" : 55328.0,
    "pct1ResTime" : 52692.7,
    "pct2ResTime" : 54008.95,
    "pct3ResTime" : 55075.9,
    "throughput" : 3.8746424027949087,
    "receivedKBytesPerSec" : 0.7378469419384835,
    "sentKBytesPerSec" : 0.9528126574073476
  },
  "DELETE URL" : {
    "transaction" : "DELETE URL",
    "sampleCount" : 600,
    "errorCount" : 0,
    "errorPct" : 0.0,
    "meanResTime" : 35401.95666666663,
    "minResTime" : 455.0,
    "maxResTime" : 55195.0,
    "pct1ResTime" : 50266.299999999996,
    "pct2ResTime" : 52729.899999999994,
    "pct3ResTime" : 54881.79,
    "throughput" : 3.3254262087924267,
    "receivedKBytesPerSec" : 0.6332598737446516,
    "sentKBytesPerSec" : 0.5975104595046223
  },
  "Total" : {
    "transaction" : "Total",
    "sampleCount" : 3600,
    "errorCount" : 0,
    "errorPct" : 0.0,
    "meanResTime" : 22631.088055555483,
    "minResTime" : 132.0,
    "maxResTime" : 71414.0,
    "pct1ResTime" : 47974.0,
    "pct2ResTime" : 51796.899999999994,
    "pct3ResTime" : 55046.97,
    "throughput" : 8.821669942120044,
    "receivedKBytesPerSec" : 37.815496266411984,
    "sentKBytesPerSec" : 1.6075760914978705
  },
  "GET URLS" : {
    "transaction" : "GET URLS",
    "sampleCount" : 600,
    "errorCount" : 0,
    "errorPct" : 0.0,
    "meanResTime" : 300.59833333333376,
    "minResTime" : 229.0,
    "maxResTime" : 2554.0,
    "pct1ResTime" : 331.9,
    "pct2ResTime" : 454.6499999999995,
    "pct3ResTime" : 672.0,
    "throughput" : 9.96230926328723,
    "receivedKBytesPerSec" : 9.806648181048368,
    "sentKBytesPerSec" : 1.2842039284706195
  },
  "GET URL" : {
    "transaction" : "GET URL",
    "sampleCount" : 600,
    "errorCount" : 0,
    "errorPct" : 0.0,
    "meanResTime" : 295.80833333333345,
    "minResTime" : 219.0,
    "maxResTime" : 639.0,
    "pct1ResTime" : 332.0,
    "pct2ResTime" : 358.0,
    "pct3ResTime" : 498.7000000000003,
    "throughput" : 9.971580994166624,
    "receivedKBytesPerSec" : 2.3565650396370343,
    "sentKBytesPerSec" : 1.314612728723139
  }
}